{"cameraMode":{"drawMode":0,"name":"Shaded","section":"Shading Mode"},"sceneLighting":true,"audioPlay":false,"sceneViewState":{"m_AlwaysRefresh":false,"showFog":true,"showSkybox":true,"showFlares":true,"showImageEffects":true,"showParticleSystems":true,"showVisualEffectGraphs":true,"m_FxEnabled":true},"in2DMode":false,"pivot":{"x":15.578429222106934,"y":-4.452766418457031,"z":-2.43001651763916},"rotation":{"x":-0.00041092303581535816,"y":0.939437210559845,"z":-0.3427187502384186,"w":-0.0011263205669820309},"size":7.269979953765869,"orthographic":false}